Crime ID,Month,Reported by,Falls within,Longitude,Latitude,Location,LSOA code,LSOA name,Crime type,Last outcome category,Context
93174df8ecfb7f57c92a17b0c07d31f3cabc03610447ac99ea06488a9ceb5e25,2021-04,City of London Police,City of London Police,-0.106453,51.518207,On or near Charterhouse Street,E01000916,Camden 027B,Other theft,Investigation complete; no suspect identified,
a34ac1347db37d848106a0bac9e217ed3226a7bb462f6f3c1ca8b411298f85db,2021-04,City of London Police,City of London Police,-0.116966,51.518098,On or near Race Track,E01000914,Camden 028B,Drugs,Offender given a drugs possession warning,
9c9885098aa4bc16d93feb298e6050ac522aa701b33b5fe68cd7c62c1dade2e0,2021-04,City of London Police,City of London Police,-0.111962,51.518494,On or near Nightclub,E01000914,Camden 028B,Drugs,Offender given a drugs possession warning,
,2021-04,City of London Police,City of London Police,-0.097277,51.515307,On or near St Martin'S Le Grand,E01000001,City of London 001A,Anti-social behaviour,,
4843010defe84ee8f8f09d9252ebb099fe7e3d3ccbd7ea3f112b721e6a574393,2021-04,City of London Police,City of London Police,-0.098572,51.516767,On or near King Edward Street,E01000001,City of London 001A,Bicycle theft,Investigation complete; no suspect identified,
55099736570126d36829bda6613cee8792052d4e6e5cce7b362e24d1564dacca,2021-04,City of London Police,City of London Police,-0.097601,51.520699,On or near Carthusian Street,E01000001,City of London 001A,Burglary,Investigation complete; no suspect identified,
0f0950ce88dcd9441fddfe4514e49bb32e7e36930cefc71d00b623d1ec7d7613,2021-04,City of London Police,City of London Police,-0.097601,51.520699,On or near Carthusian Street,E01000001,City of London 001A,Drugs,Formal action is not in the public interest,
8492d3e9abfc6174d1448ccec546ecb7282179c0e6490c6af624385e3ea177d0,2021-04,City of London Police,City of London Police,-0.097562,51.518864,On or near Parking Area,E01000001,City of London 001A,Drugs,Court result unavailable,
c6be4abb5b0daa55f22a2b2dad12da0f3203f9d55f63fd8b612dc095584d88fb,2021-04,City of London Police,City of London Police,-0.097562,51.518864,On or near Parking Area,E01000001,City of London 001A,Drugs,Awaiting court outcome,
74098d1bf04802cb5f9a736d379890e8a6799f1b00c2a894a1b4eeed32ff96d5,2021-04,City of London Police,City of London Police,-0.095960,51.517534,On or near London Wall,E01000001,City of London 001A,Other theft,Status update unavailable,
497ec1e6a10205dcdf8029a43b903a7f4587234a21e0633c89220a7489c4839b,2021-04,City of London Police,City of London Police,-0.097601,51.520699,On or near Carthusian Street,E01000001,City of London 001A,Public order,Status update unavailable,
26ef2372d196bafbcdeee179a6ce9f08004010b8f136fd895df9d47d37c15815,2021-04,City of London Police,City of London Police,-0.095960,51.517534,On or near London Wall,E01000001,City of London 001A,Public order,Unable to prosecute suspect,
ed069bf696e9d263a4b989a5f0964540b64a435a963e287e9b5f031ea5523eb7,2021-04,City of London Police,City of London Police,-0.097601,51.520699,On or near Carthusian Street,E01000001,City of London 001A,Public order,Status update unavailable,
56a117c361dfe0747d2cb829155f075b5affb4131bad257e83bb961c85ac9d78,2021-04,City of London Police,City of London Police,-0.097601,51.520699,On or near Carthusian Street,E01000001,City of London 001A,Shoplifting,Status update unavailable,
5b9f44b66e96cea757a1e15b2a7bb4ef0759dca34361c6bf9c889ba97b31b74e,2021-04,City of London Police,City of London Police,-0.097277,51.515307,On or near St Martin'S Le Grand,E01000001,City of London 001A,Shoplifting,Investigation complete; no suspect identified,
2350187ea1c427aae582c3523abb1209b399ef8307f54abe27f2bc17da52869b,2021-04,City of London Police,City of London Police,-0.097601,51.520699,On or near Carthusian Street,E01000001,City of London 001A,Shoplifting,Investigation complete; no suspect identified,
930e0f9d9e2834fa9ba98920034913b92a399e65382e1f87468d9884ed6299f7,2021-04,City of London Police,City of London Police,-0.098572,51.516767,On or near King Edward Street,E01000001,City of London 001A,Theft from the person,Investigation complete; no suspect identified,
682d3280c638532a19b3bdf4d52dff6906c841bce1f37f9fefab817902e2a287,2021-04,City of London Police,City of London Police,-0.097053,51.518262,On or near Aldersgate Street,E01000001,City of London 001A,Vehicle crime,Investigation complete; no suspect identified,
d5438800ff14d85ab14852fb502131e6f929ede6e8476a6d621694dab2a76f81,2021-04,City of London Police,City of London Police,-0.097053,51.518262,On or near Aldersgate Street,E01000001,City of London 001A,Vehicle crime,Investigation complete; no suspect identified,
95ae7d8d31ab9ca5334900cfc83d63645d3ade49d6fbbce879044c20d0f21024,2021-04,City of London Police,City of London Police,-0.097053,51.518262,On or near Aldersgate Street,E01000001,City of London 001A,Vehicle crime,Investigation complete; no suspect identified,
89abf120206d6ad9950b58768f360d9a52af522c0e813e39cbec4417717692f4,2021-04,City of London Police,City of London Police,-0.097562,51.518864,On or near Parking Area,E01000001,City of London 001A,Violence and sexual offences,Investigation complete; no suspect identified,
c6e40b786468e97fd11f151ee799a0a4e94fad82d33137d3f5ff6253aa63f0ca,2021-04,City of London Police,City of London Police,-0.097562,51.518864,On or near Parking Area,E01000001,City of London 001A,Other crime,Status update unavailable,
,2021-04,City of London Police,City of London Police,-0.090348,51.519358,On or near Moor Lane,E01000002,City of London 001B,Anti-social behaviour,,
,2021-04,City of London Police,City of London Police,-0.095026,51.518499,On or near Park/Open Space,E01000002,City of London 001B,Anti-social behaviour,,
,2021-04,City of London Police,City of London Police,-0.090348,51.519358,On or near Moor Lane,E01000002,City of London 001B,Anti-social behaviour,,
,2021-04,City of London Police,City of London Police,-0.089596,51.518743,On or near New Union Street,E01000002,City of London 001B,Anti-social behaviour,,
2cd99ee0be374a8067eadc96b202e80009c09e25582416eea3495ae24789ae1d,2021-04,City of London Police,City of London Police,-0.093057,51.520085,On or near Theatre/Concert Hall,E01000002,City of London 001B,Bicycle theft,Court result unavailable,
c70b94172b9504caa5e132f5df64cad23661193dab047a1f840fdbaac28de1af,2021-04,City of London Police,City of London Police,-0.091649,51.518938,On or near Park/Open Space,E01000002,City of London 001B,Drugs,Offender given a drugs possession warning,
0ff7ca3450c979dc343aa5aa6880d61ed3fdd9a80b9a62d25fa6ccf0fc3a78c3,2021-04,City of London Police,City of London Police,-0.092093,51.516922,On or near Basinghall Street,E01000002,City of London 001B,Drugs,Offender given a drugs possession warning,
1e23019ba30347f2d7184a3f777f4b7bdc215d2da7ee53e47c0b02287f0b942d,2021-04,City of London Police,City of London Police,-0.090348,51.519358,On or near Moor Lane,E01000002,City of London 001B,Drugs,Formal action is not in the public interest,
0a1cad0e9d5fa92193a4d605d2efb8d760978ff5658cae7fd338492d00a85fec,2021-04,City of London Police,City of London Police,-0.088621,51.518619,On or near Moorfields,E01000002,City of London 001B,Shoplifting,Formal action is not in the public interest,
280808c95916b26bcbaca53a6ce3069e2913ea8180a38651a6a8626ed7bf41bf,2021-04,City of London Police,City of London Police,-0.094546,51.520658,On or near Beech Street,E01000002,City of London 001B,Theft from the person,Investigation complete; no suspect identified,
e976477f3fc2ac165ecc9b844eb152c6d55ce7b80fa2930ed16efe6404432cf2,2021-04,City of London Police,City of London Police,-0.095026,51.518499,On or near Park/Open Space,E01000002,City of London 001B,Theft from the person,Investigation complete; no suspect identified,
ac0e0d2c568d58b656a1e431806a4eee5a327558c4be9b3ebfb3bb7a552ddc25,2021-04,City of London Police,City of London Police,-0.094546,51.520658,On or near Beech Street,E01000002,City of London 001B,Violence and sexual offences,Court result unavailable,
f67b205005397e62b87f845fb24a8f59644798b0ef37260850f40ccadf390978,2021-04,City of London Police,City of London Police,-0.093948,51.518077,On or near Monkwell Square,E01000002,City of London 001B,Violence and sexual offences,Investigation complete; no suspect identified,
3835ea02cde1ec700ac6a732ec3f41c03ea11c8b269ab095ca0618dc3300542d,2021-04,City of London Police,City of London Police,-0.094546,51.520658,On or near Beech Street,E01000002,City of London 001B,Violence and sexual offences,Court result unavailable,
,2021-04,City of London Police,City of London Police,-0.096114,51.520747,On or near Park/Open Space,E01000003,City of London 001C,Anti-social behaviour,,
,2021-04,City of London Police,City of London Police,-0.096114,51.520747,On or near Park/Open Space,E01000003,City of London 001C,Anti-social behaviour,,
,2021-04,City of London Police,City of London Police,-0.094033,51.520875,On or near Shopping Area,E01000003,City of London 001C,Anti-social behaviour,,
,2021-04,City of London Police,City of London Police,-0.094033,51.520875,On or near Shopping Area,E01000003,City of London 001C,Anti-social behaviour,,
,2021-04,City of London Police,City of London Police,-0.094033,51.520875,On or near Shopping Area,E01000003,City of London 001C,Anti-social behaviour,,
,2021-04,City of London Police,City of London Police,-0.094033,51.520875,On or near Shopping Area,E01000003,City of London 001C,Anti-social behaviour,,
,2021-04,City of London Police,City of London Police,-0.094033,51.520875,On or near Shopping Area,E01000003,City of London 001C,Anti-social behaviour,,
,2021-04,City of London Police,City of London Police,-0.094033,51.520875,On or near Shopping Area,E01000003,City of London 001C,Anti-social behaviour,,
,2021-04,City of London Police,City of London Police,-0.094033,51.520875,On or near Shopping Area,E01000003,City of London 001C,Anti-social behaviour,,
2ab86799ee4484178349b4fee3848657b1b1066f11984f5caa2872eebc0b07a9,2021-04,City of London Police,City of London Police,-0.095860,51.521660,On or near Fann Street,E01000003,City of London 001C,Criminal damage and arson,Formal action is not in the public interest,
,2021-04,City of London Police,City of London Police,-0.074793,51.511208,On or near Pedestrian Subway,E01000005,City of London 001E,Anti-social behaviour,,
,2021-04,City of London Police,City of London Police,-0.075722,51.511053,On or near Crescent,E01000005,City of London 001E,Anti-social behaviour,,
,2021-04,City of London Police,City of London Police,-0.075722,51.511053,On or near Crescent,E01000005,City of London 001E,Anti-social behaviour,,
f42440cef9fd2d1409c9d5643b299ec3e8b24c5ff49ad5754b9db2375484b790,2021-04,City of London Police,City of London Police,-0.076080,51.511445,On or near America Square,E01000005,City of London 001E,Bicycle theft,Investigation complete; no suspect identified,
2e6ff34c31fe2b36c6a20032c5117aa6621e01a095980cc6bb716fc3f57be3df,2021-04,City of London Police,City of London Police,-0.076592,51.514367,On or near Pedestrian Subway,E01000005,City of London 001E,Burglary,Unable to prosecute suspect,
79e9f49471104759945cc97d1ac4ad0828fa0484999b9d9b7c6fcffbf8f5d76d,2021-04,City of London Police,City of London Police,-0.077596,51.515849,On or near Artizan Street,E01000005,City of London 001E,Criminal damage and arson,Investigation complete; no suspect identified,
ed1639c1d17f05acf2c71b95432c81cab09c6aab837f4d56e35753fe1dd34283,2021-04,City of London Police,City of London Police,-0.073254,51.512856,On or near Mansell Street,E01000005,City of London 001E,Drugs,Offender given a drugs possession warning,
003081bddfc6896d7fe76af140889d8d58f8ec151fd442c4ac58ea88b2977d8e,2021-04,City of London Police,City of London Police,-0.075722,51.511053,On or near Crescent,E01000005,City of London 001E,Drugs,Formal action is not in the public interest,
41217017485bc73cfb62210053fd4e9c1a630178c49c74fea249889799188a60,2021-04,City of London Police,City of London Police,-0.076833,51.513769,On or near Houndsditch,E01000005,City of London 001E,Drugs,Offender given a drugs possession warning,
d2dee9b1d446a87ff0eba62f6758eaad2915c5c62cbe03ebecf673e076f0f650,2021-04,City of London Police,City of London Police,-0.075722,51.511053,On or near Crescent,E01000005,City of London 001E,Drugs,Offender given a drugs possession warning,
5af8d488a11620494d06bb18906ef1e5a29b2805b6a8aef72bbeff1cc7dfadb9,2021-04,City of London Police,City of London Police,-0.073254,51.512856,On or near Mansell Street,E01000005,City of London 001E,Drugs,Court result unavailable,
301fd0d44dad92699a1c0e32cf828224f70abf560a3e9d5b69759e6e0b11a402,2021-04,City of London Police,City of London Police,-0.073254,51.512856,On or near Mansell Street,E01000005,City of London 001E,Drugs,Offender given a drugs possession warning,
6d1e72f6a6f2a11746e89fc45a3d71cbc6f1b67f52c951e1acce41db11e69096,2021-04,City of London Police,City of London Police,-0.074958,51.514151,On or near Aldgate High Street,E01000005,City of London 001E,Drugs,Offender given penalty notice,
3412fcf9ba952a73a922d53c217b0d04e82147e57ab30cf856a9a62d520d0f99,2021-04,City of London Police,City of London Police,-0.075508,51.514763,On or near Pedestrian Subway,E01000005,City of London 001E,Other theft,Investigation complete; no suspect identified,
1e6204c4f4baec2194926cf24bdd07825db5932e4d2320606a1240ec76a1cf8f,2021-04,City of London Police,City of London Police,-0.073254,51.512856,On or near Mansell Street,E01000005,City of London 001E,Public order,Local resolution,
828e76c03e3d81410bce857b4af84503a3e75db7b11d64be6cc5c6df455e1340,2021-04,City of London Police,City of London Police,-0.076435,51.513627,On or near Aldgate,E01000005,City of London 001E,Shoplifting,Investigation complete; no suspect identified,
f537dfb58fe961002eccb1d388187d54a98457f8cfc161f23f2c330b448f45b2,2021-04,City of London Police,City of London Police,-0.076435,51.513627,On or near Aldgate,E01000005,City of London 001E,Shoplifting,Offender given a caution,
dd4b5577914c7da981175fa93d232993462386d665cdb2de05d25cd27bba245e,2021-04,City of London Police,City of London Police,-0.074958,51.514151,On or near Aldgate High Street,E01000005,City of London 001E,Theft from the person,Investigation complete; no suspect identified,
06c2494aaff964c2b56c0e76da87abc9c18bb86257968e660049271894897ccd,2021-04,City of London Police,City of London Police,-0.074115,51.511224,On or near Goodman'S Yard,E01000005,City of London 001E,Theft from the person,Investigation complete; no suspect identified,
fe364a76dee27925474ebeaed1067117ab3a370fd7973917703cfe203e186c4c,2021-04,City of London Police,City of London Police,-0.073254,51.512856,On or near Mansell Street,E01000005,City of London 001E,Violence and sexual offences,Unable to prosecute suspect,
13cd0aa13deb0a6f802477507816cba8351b02d2a49256a35a18da1269d1e8fe,2021-04,City of London Police,City of London Police,-0.076270,51.515504,On or near Gravel Lane,E01000005,City of London 001E,Violence and sexual offences,Status update unavailable,
,2021-04,City of London Police,City of London Police,-0.085310,51.518511,On or near Eldon Street,E01032739,City of London 001F,Anti-social behaviour,,
,2021-04,City of London Police,City of London Police,-0.097699,51.511420,On or near Booth Lane,E01032739,City of London 001F,Anti-social behaviour,,
,2021-04,City of London Police,City of London Police,-0.088203,51.518262,On or near Moorgate,E01032739,City of London 001F,Anti-social behaviour,,
,2021-04,City of London Police,City of London Police,-0.082458,51.517431,On or near Liverpool Street,E01032739,City of London 001F,Anti-social behaviour,,
,2021-04,City of London Police,City of London Police,-0.082458,51.517431,On or near Liverpool Street,E01032739,City of London 001F,Anti-social behaviour,,
,2021-04,City of London Police,City of London Police,-0.100179,51.514158,On or near Shopping Area,E01032739,City of London 001F,Anti-social behaviour,,
,2021-04,City of London Police,City of London Police,-0.081620,51.516814,On or near Alderman'S Walk,E01032739,City of London 001F,Anti-social behaviour,,
,2021-04,City of London Police,City of London Police,-0.096363,51.513377,On or near New Change,E01032739,City of London 001F,Anti-social behaviour,,
,2021-04,City of London Police,City of London Police,-0.077578,51.510795,On or near Pepys Street,E01032739,City of London 001F,Anti-social behaviour,,
,2021-04,City of London Police,City of London Police,-0.081620,51.516814,On or near Alderman'S Walk,E01032739,City of London 001F,Anti-social behaviour,,
,2021-04,City of London Police,City of London Police,-0.081620,51.516814,On or near Alderman'S Walk,E01032739,City of London 001F,Anti-social behaviour,,
,2021-04,City of London Police,City of London Police,-0.088203,51.518262,On or near Moorgate,E01032739,City of London 001F,Anti-social behaviour,,
,2021-04,City of London Police,City of London Police,-0.100202,51.513268,On or near Dean'S Court,E01032739,City of London 001F,Anti-social behaviour,,
,2021-04,City of London Police,City of London Police,-0.080376,51.517244,On or near Supermarket,E01032739,City of London 001F,Anti-social behaviour,,
,2021-04,City of London Police,City of London Police,-0.097699,51.511420,On or near Booth Lane,E01032739,City of London 001F,Anti-social behaviour,,
,2021-04,City of London Police,City of London Police,-0.081620,51.516814,On or near Alderman'S Walk,E01032739,City of London 001F,Anti-social behaviour,,
,2021-04,City of London Police,City of London Police,-0.081549,51.511625,On or near Mincing Lane,E01032739,City of London 001F,Anti-social behaviour,,
,2021-04,City of London Police,City of London Police,-0.097699,51.511420,On or near Booth Lane,E01032739,City of London 001F,Anti-social behaviour,,
,2021-04,City of London Police,City of London Police,-0.083506,51.509993,On or near St Mary At Hill,E01032739,City of London 001F,Anti-social behaviour,,
,2021-04,City of London Police,City of London Police,-0.077578,51.510795,On or near Pepys Street,E01032739,City of London 001F,Anti-social behaviour,,
,2021-04,City of London Police,City of London Police,-0.100179,51.514158,On or near Shopping Area,E01032739,City of London 001F,Anti-social behaviour,,
,2021-04,City of London Police,City of London Police,-0.097699,51.511420,On or near Booth Lane,E01032739,City of London 001F,Anti-social behaviour,,
,2021-04,City of London Police,City of London Police,-0.097699,51.511420,On or near Booth Lane,E01032739,City of London 001F,Anti-social behaviour,,
,2021-04,City of London Police,City of London Police,-0.079162,51.514940,On or near Bevis Marks,E01032739,City of London 001F,Anti-social behaviour,,
,2021-04,City of London Police,City of London Police,-0.080573,51.516006,On or near Outwich Street,E01032739,City of London 001F,Anti-social behaviour,,
,2021-04,City of London Police,City of London Police,-0.087086,51.512596,On or near Lombard Street,E01032739,City of London 001F,Anti-social behaviour,,
,2021-04,City of London Police,City of London Police,-0.092865,51.510182,On or near Parking Area,E01032739,City of London 001F,Anti-social behaviour,,
,2021-04,City of London Police,City of London Police,-0.084284,51.510671,On or near Eastcheap,E01032739,City of London 001F,Anti-social behaviour,,
,2021-04,City of London Police,City of London Police,-0.082458,51.517431,On or near Liverpool Street,E01032739,City of London 001F,Anti-social behaviour,,
,2021-04,City of London Police,City of London Police,-0.081580,51.520510,On or near Pindar Street,E01032739,City of London 001F,Anti-social behaviour,,
,2021-04,City of London Police,City of London Police,-0.088203,51.518262,On or near Moorgate,E01032739,City of London 001F,Anti-social behaviour,,
,2021-04,City of London Police,City of London Police,-0.084618,51.512682,On or near Gracechurch Street,E01032739,City of London 001F,Anti-social behaviour,,
b7e95e7f2ec6327dfbc29a5fe9f6a73d9cf6b7cf6fbaa9fa8d3096b8c7af096c,2021-04,City of London Police,City of London Police,-0.092865,51.510182,On or near Parking Area,E01032739,City of London 001F,Bicycle theft,Investigation complete; no suspect identified,
9f0c6f3d9e35f13d642554b1efae0df85ff5608ba7c51ad63c04def4cd0b9956,2021-04,City of London Police,City of London Police,-0.084723,51.514986,On or near Conference/Exhibition Centre,E01032739,City of London 001F,Bicycle theft,Investigation complete; no suspect identified,
48651e15fd86bcaa637661675fb7b85b617feb9d4b2a886c0d39e77c70a5c522,2021-04,City of London Police,City of London Police,-0.083086,51.511407,On or near Rood Lane,E01032739,City of London 001F,Bicycle theft,Investigation complete; no suspect identified,
1ce5270be199c1461dcf48b9cc16a0c16080dd775724f6147b2d26095d6420d3,2021-04,City of London Police,City of London Police,-0.089465,51.510855,On or near Gophir Lane,E01032739,City of London 001F,Bicycle theft,Investigation complete; no suspect identified,
ff0de0fc3a9ee3b4e694933a6a2fa9094361bcbfe484b9536a8078c46024d54b,2021-04,City of London Police,City of London Police,-0.082458,51.517431,On or near Liverpool Street,E01032739,City of London 001F,Bicycle theft,Investigation complete; no suspect identified,
a046699f8ef3f03e3fad219b7425aad00fabc4422a2f9db2b64ea6504419d00f,2021-04,City of London Police,City of London Police,-0.079448,51.511554,On or near Fenchurch Place,E01032739,City of London 001F,Bicycle theft,Investigation complete; no suspect identified,
308387cfa8c6ef215e89ccb7aeaeb52c4faad36c4c3672a6b00cac9ccfc4636b,2021-04,City of London Police,City of London Police,-0.087118,51.513199,On or near Nightclub,E01032739,City of London 001F,Bicycle theft,Investigation complete; no suspect identified,
13c29ce47130eeb067470b2c56f854f117ecde940d1c3fd9abeddbffe8bcb7be,2021-04,City of London Police,City of London Police,-0.092865,51.510182,On or near Parking Area,E01032739,City of London 001F,Bicycle theft,Investigation complete; no suspect identified,
85e045036414e41af28ee627603d0edab1ea39f2833e44215ff6e295025983af,2021-04,City of London Police,City of London Police,-0.080952,51.514528,On or near St Mary Axe,E01032739,City of London 001F,Bicycle theft,Court result unavailable,
115edf348c7eff4da3415e10a41a634c049d582a594b45a8835e024551902059,2021-04,City of London Police,City of London Police,-0.080952,51.514528,On or near St Mary Axe,E01032739,City of London 001F,Bicycle theft,Court result unavailable,
d165ee7ca100ed96c52a70e2f456bfad66c676f48120baee86b6a6f252f086ee,2021-04,City of London Police,City of London Police,-0.078308,51.518091,On or near Widegate Street,E01032739,City of London 001F,Bicycle theft,Investigation complete; no suspect identified,
333b8296de1ef3085fedde87f38830956b5fe2c7a61afae981ccc0d49bce4350,2021-04,City of London Police,City of London Police,-0.085257,51.511200,On or near Talbot Court,E01032739,City of London 001F,Burglary,Investigation complete; no suspect identified,
96838de911e0e13083a9227f05797ea02f83a242188ad6fada6b9f5d37cfee20,2021-04,City of London Police,City of London Police,-0.083618,51.517288,On or near Broad Street Avenue,E01032739,City of London 001F,Burglary,Investigation complete; no suspect identified,
3b58fc2eed9f4b2cd3bb904143f12bb6ca1cc9a75dc688becc3f72c95263166e,2021-04,City of London Police,City of London Police,-0.101959,51.513297,On or near Carter Lane,E01032739,City of London 001F,Burglary,Investigation complete; no suspect identified,
eca4abba2840bd07f29487f50f4a5761748c3886a1d2fce8034b525160272f89,2021-04,City of London Police,City of London Police,-0.084983,51.510494,On or near Supermarket,E01032739,City of London 001F,Burglary,Investigation complete; no suspect identified,
3ff1ece6d7cbadd18a14086cb827004cd99379f9fdd463890d073d28dc689139,2021-04,City of London Police,City of London Police,-0.096385,51.510787,On or near Gardners Lane,E01032739,City of London 001F,Burglary,Investigation complete; no suspect identified,
9bd9330f3464e5e7e156fab83b2c98b9c39df9756cda62a62661d6fd71cc2c09,2021-04,City of London Police,City of London Police,-0.088473,51.518374,On or near Moor Place,E01032739,City of London 001F,Burglary,Unable to prosecute suspect,
f481eaf2bf434a9a6a8dd5ab55387d9828a7ffabdfcd08505fdeb663a312158c,2021-04,City of London Police,City of London Police,-0.089838,51.516067,On or near Coleman Street,E01032739,City of London 001F,Burglary,Investigation complete; no suspect identified,
eb07156e59d41bd36f436b139c74c948e1f7929e6dcaca6bc86443d18f57d2e4,2021-04,City of London Police,City of London Police,-0.082811,51.510054,On or near Idol Lane,E01032739,City of London 001F,Criminal damage and arson,Investigation complete; no suspect identified,
47f6eeb7773e4f9211087cf291ed33962cec9e0124130dd961c56b06abfefed6,2021-04,City of London Police,City of London Police,-0.088225,51.514656,On or near Lothbury,E01032739,City of London 001F,Criminal damage and arson,Status update unavailable,
f5f202a6be48e8c0dc5884547440252b634be7a12f84c5f6e2f82021f9de3f5b,2021-04,City of London Police,City of London Police,-0.085257,51.511200,On or near Talbot Court,E01032739,City of London 001F,Criminal damage and arson,Investigation complete; no suspect identified,
02c10502cb98093fe5543fc3ebad995834c1c58036a1a60b7e5251eeddd1974a,2021-04,City of London Police,City of London Police,-0.088843,51.509532,On or near Parking Area,E01032739,City of London 001F,Criminal damage and arson,Status update unavailable,
4decdffd4f750cc346bb81abb9070c3f99c86745c6229099d42aa76a68ede897,2021-04,City of London Police,City of London Police,-0.088225,51.514656,On or near Lothbury,E01032739,City of London 001F,Criminal damage and arson,Status update unavailable,
cb7c8054c1b73decb7ffe06df92632bef9454c3fd80260ca0cb3d0fbf22ed7bc,2021-04,City of London Police,City of London Police,-0.079780,51.512243,On or near Fenchurch Street,E01032739,City of London 001F,Criminal damage and arson,Investigation complete; no suspect identified,
9333e8fc5153b1ae1830f0da95c8c0416b2c8d2afed7a3955fd1890596ed5b92,2021-04,City of London Police,City of London Police,-0.096363,51.513377,On or near New Change,E01032739,City of London 001F,Criminal damage and arson,Investigation complete; no suspect identified,
6aa1e3bb663466ceca16282e3ba0151b0f919c24c545150de55eff495e165f88,2021-04,City of London Police,City of London Police,-0.081620,51.516814,On or near Alderman'S Walk,E01032739,City of London 001F,Drugs,Court result unavailable,
ca5289048e59a6a740f338389d09aa270a0fcc184a42add9aa4039776a3a420a,2021-04,City of London Police,City of London Police,-0.094628,51.514203,On or near Cheapside,E01032739,City of London 001F,Drugs,Offender given a drugs possession warning,
f108b085bc6a6184a173a4006d3037a290e4ff06918a382e38995d97c1076541,2021-04,City of London Police,City of London Police,-0.082458,51.517431,On or near Liverpool Street,E01032739,City of London 001F,Drugs,Investigation complete; no suspect identified,
65b3576cb73ccff9c2ee7072c1538b4dab91958766119bbe8a04d69648037d08,2021-04,City of London Police,City of London Police,-0.094628,51.514203,On or near Cheapside,E01032739,City of London 001F,Drugs,Offender given a drugs possession warning,
de6914f1b5f1081de466acda2bfc8da4fac072279f1647d6da28ebf39ae872a7,2021-04,City of London Police,City of London Police,-0.083386,51.509757,On or near St Dunstan'S Lane,E01032739,City of London 001F,Drugs,Court result unavailable,
68450b69cffb9538ac470c155b75d9783d0054d9ddc0999c3c90b467db3a218e,2021-04,City of London Police,City of London Police,-0.087780,51.508066,On or near Borough High Street,E01032739,City of London 001F,Drugs,Formal action is not in the public interest,
e6b94dace5436d5244872fd08a04b3dc37e81b3b9e8514c7065293e606972f8f,2021-04,City of London Police,City of London Police,-0.087780,51.508066,On or near Borough High Street,E01032739,City of London 001F,Drugs,Status update unavailable,
1baac5257fddf7ffb20e23d4c82d2355fdb58d2fcefe863ae1117fa1bf151527,2021-04,City of London Police,City of London Police,-0.087780,51.508066,On or near Borough High Street,E01032739,City of London 001F,Drugs,Offender given a drugs possession warning,
b1f601864677b67f97c750bc875eec88b9fe9235212be1f735944073cf67c525,2021-04,City of London Police,City of London Police,-0.101452,51.512650,On or near St Andrew'S Hill,E01032739,City of London 001F,Drugs,Further investigation is not in the public interest,
8ed94fbc16febf5ecaaa7e888d01f463f787292885d54e3e5e54ebe0734d2ae4,2021-04,City of London Police,City of London Police,-0.077694,51.513171,On or near Aldgate,E01032739,City of London 001F,Drugs,Offender given a drugs possession warning,
73fb2f7d1f2d6d422afe249b3940b4e02ba164229c4f2b5673153aab4c7782ad,2021-04,City of London Police,City of London Police,-0.079786,51.517576,On or near Police Station,E01032739,City of London 001F,Drugs,Court result unavailable,
6a25bdb3059287227cd484f652dafe0af83515adcf1d0eeb6a78cf8e2c1bdd40,2021-04,City of London Police,City of London Police,-0.087780,51.508066,On or near Borough High Street,E01032739,City of London 001F,Drugs,Offender given a drugs possession warning,
914929258fa9b6a2d32308e7c1ecfb4eaf865964ed159e3d354a093eb5ef1ac6,2021-04,City of London Police,City of London Police,-0.089451,51.517032,On or near Bus/Coach Station,E01032739,City of London 001F,Drugs,Offender given a drugs possession warning,
1e2e0a57f77140709b99d88ab5af6db258afb3f161b1a597988ffeb665eff66b,2021-04,City of London Police,City of London Police,-0.094206,51.511210,On or near Little Trinity Lane,E01032739,City of London 001F,Drugs,Court result unavailable,
1ffc82e4c703d0aaf021b2b0595e60af48280512409a642f5303c1f434d5a729,2021-04,City of London Police,City of London Police,-0.077578,51.510795,On or near Pepys Street,E01032739,City of London 001F,Drugs,Offender given penalty notice,
11439cec6b6a75082e42526f2d7fbd0e0d717dc6e7043826c1069f89871c05e0,2021-04,City of London Police,City of London Police,-0.088203,51.518262,On or near Moorgate,E01032739,City of London 001F,Drugs,Offender given a caution,
8044daa820b2a2c442d71235652957892a0f520ace0dfb1d5e8d750d23603939,2021-04,City of London Police,City of London Police,-0.089451,51.517032,On or near Bus/Coach Station,E01032739,City of London 001F,Drugs,Court result unavailable,
c8ded06a5d427ab1f1e3a9b71856aaccbe1784116f75df09ef0ab44172b84e2e,2021-04,City of London Police,City of London Police,-0.085833,51.513952,On or near Finch Lane,E01032739,City of London 001F,Drugs,Awaiting court outcome,
ccd1707f4c96e95d1a1492c26931b4ed4f3e245d0c26cd8120b91d681c41f623,2021-04,City of London Police,City of London Police,-0.087780,51.508066,On or near Borough High Street,E01032739,City of London 001F,Drugs,Status update unavailable,
db6ac3862eeb0fdf69812007f10ddce661dc0dcb8468bba30f4b2634d091ef1c,2021-04,City of London Police,City of London Police,-0.087780,51.508066,On or near Borough High Street,E01032739,City of London 001F,Drugs,Status update unavailable,
0290435361299ccf3ea9257ef5ec1fba36ab3c2997ffc3b75bc3a0fec2c0ac70,2021-04,City of London Police,City of London Police,-0.081620,51.516814,On or near Alderman'S Walk,E01032739,City of London 001F,Drugs,Offender given a drugs possession warning,
2d8dee59eae45580a1e2640d429d10464b78c84adb2a87c48ac62c02095a3874,2021-04,City of London Police,City of London Police,-0.096363,51.513377,On or near New Change,E01032739,City of London 001F,Drugs,Offender given penalty notice,
95bb80286fa47d76edaf3bcdac8870f9e356609e17a6327c0d9c05e730227399,2021-04,City of London Police,City of London Police,-0.081549,51.511625,On or near Mincing Lane,E01032739,City of London 001F,Drugs,Status update unavailable,
f6532543e5f3113a02ae2d7d78a82768c4248fde68e1a4dee53b8e6f3dd244f8,2021-04,City of London Police,City of London Police,-0.084701,51.509320,On or near Lower Thames Street,E01032739,City of London 001F,Drugs,Offender given a drugs possession warning,
7897ff4522f65e2196cc208c8be6ff1e9307244b53fe0e3b77c869ba3369bf85,2021-04,City of London Police,City of London Police,-0.077578,51.510795,On or near Pepys Street,E01032739,City of London 001F,Drugs,Offender given penalty notice,
2a6e74160174fd2433d2d1f8d7dc996d9c153cbeb867a50d9bc46b7f6788dfcc,2021-04,City of London Police,City of London Police,-0.078665,51.509950,On or near Muscovy Street,E01032739,City of London 001F,Drugs,Offender given a drugs possession warning,
c7467a7e329f60a87e7ac0f0fbe3f74f15c3e7f450b2aa2f1249c3d871dc7907,2021-04,City of London Police,City of London Police,-0.079786,51.517576,On or near Police Station,E01032739,City of London 001F,Other theft,Investigation complete; no suspect identified,
6f3e105685ea0b622628c15f549f6da9dda3f68642db2775937522fb8933136a,2021-04,City of London Police,City of London Police,-0.078484,51.517680,On or near Catherine Wheel Alley,E01032739,City of London 001F,Other theft,Investigation complete; no suspect identified,
375496ae511c58ab0c56b4f07beb61ba759c6cd0d2f8e0a4da43012fc03b805c,2021-04,City of London Police,City of London Police,-0.084251,51.520059,On or near Sun Street,E01032739,City of London 001F,Other theft,Investigation complete; no suspect identified,
6fcb7a1112b8b29719c98e575612713d906c82196e13c4ef17a93b769533d640,2021-04,City of London Police,City of London Police,-0.092296,51.511386,On or near College Hill,E01032739,City of London 001F,Other theft,Investigation complete; no suspect identified,
3a84f55cb91ae3a60401139e6ad599d1bd96944e0b336979cfa0b0fafd04cb88,2021-04,City of London Police,City of London Police,-0.079786,51.517576,On or near Police Station,E01032739,City of London 001F,Other theft,Investigation complete; no suspect identified,
a76c64f334d176038a0e5d640b6aeb6c9cf356a5caa0d4c9e564957e123c99e6,2021-04,City of London Police,City of London Police,-0.082458,51.517431,On or near Liverpool Street,E01032739,City of London 001F,Other theft,Investigation complete; no suspect identified,
0380170a76b87d6bbac51d007f0879472f36b6b5b7113ec3a60f2199b47a936e,2021-04,City of London Police,City of London Police,-0.093398,51.512951,On or near Watling Street,E01032739,City of London 001F,Other theft,Court result unavailable,
6150e8bb28619c50c1b1c019b0f584ef418bd3eaf51ed474e4241851a3bfa986,2021-04,City of London Police,City of London Police,-0.084095,51.516900,On or near New Broad Street,E01032739,City of London 001F,Other theft,Investigation complete; no suspect identified,
aab508e060d5bcb3320d7113efa6754db7abb4a932814007b27527fe6ff14d7d,2021-04,City of London Police,City of London Police,-0.086550,51.512651,On or near Birchin Lane,E01032739,City of London 001F,Other theft,Investigation complete; no suspect identified,
09c239ea78007d56d6dc8f39481d07686c3bb6a096af6e90daf47016af788df1,2021-04,City of London Police,City of London Police,-0.083296,51.517058,On or near Old Broad Street,E01032739,City of London 001F,Other theft,Investigation complete; no suspect identified,
9f07208c7a71b550ce3f3b5eccccf0195a2973abd73adc26eca9ca7d1a60fc46,2021-04,City of London Police,City of London Police,-0.082058,51.509466,On or near Cross Lane,E01032739,City of London 001F,Other theft,Investigation complete; no suspect identified,
3d41d9870ec726c919566de9b8e2c69ecdcb4314ab41ef6c8732a4887066a352,2021-04,City of London Police,City of London Police,-0.080318,51.520678,On or near Primrose Street,E01032739,City of London 001F,Other theft,Investigation complete; no suspect identified,
34508cf847d3a56afeb5537da88f92b91734c756f59e5c7d4d3503532ac7e431,2021-04,City of London Police,City of London Police,-0.090419,51.514917,On or near Gresham Street,E01032739,City of London 001F,Possession of weapons,Unable to prosecute suspect,
2fa07e78ae91b6d203472f9fbe36814c7f0eac15c2f20628ebeb7a4ee87cb650,2021-04,City of London Police,City of London Police,-0.089451,51.517032,On or near Bus/Coach Station,E01032739,City of London 001F,Possession of weapons,Offender given a caution,
b1003598265d7cadea2ebc3158fc8e7f4608c2e46ce4f0c2fc57dfcccc078741,2021-04,City of London Police,City of London Police,-0.081620,51.516814,On or near Alderman'S Walk,E01032739,City of London 001F,Public order,Investigation complete; no suspect identified,
431513157dc37ae67c53d0a45c69ec3adbb3bf798efb2afd5c1fa76f2340fb3a,2021-04,City of London Police,City of London Police,-0.087780,51.508066,On or near Borough High Street,E01032739,City of London 001F,Public order,Formal action is not in the public interest,
27fe0e4985f9b4a3a2aef0afb3da6310ef8f18eadd2aec75a66d4b45aa5cdb16,2021-04,City of London Police,City of London Police,-0.088203,51.518262,On or near Moorgate,E01032739,City of London 001F,Public order,Court result unavailable,
827025e35e3ce1794ab5209a1d1b37405e7e0d78e63255222cb68e35c6c2538b,2021-04,City of London Police,City of London Police,-0.101452,51.512650,On or near St Andrew'S Hill,E01032739,City of London 001F,Public order,Unable to prosecute suspect,
c993628304a0e04a55120f1a74de446f0167b9d073f2d9dcf386fc25d045daf7,2021-04,City of London Police,City of London Police,-0.089465,51.510855,On or near Gophir Lane,E01032739,City of London 001F,Public order,Investigation complete; no suspect identified,
9e624721da99923c3e8943659d2eef7a16f149e552b06ac0cc158cc97543989e,2021-04,City of London Police,City of London Police,-0.101452,51.512650,On or near St Andrew'S Hill,E01032739,City of London 001F,Public order,Unable to prosecute suspect,
9d458a58c61f99d890d5107e2aa86a5109601dc6cd348f6e1a65d647db14618c,2021-04,City of London Police,City of London Police,-0.079398,51.516508,On or near Devonshire Square,E01032739,City of London 001F,Public order,Investigation complete; no suspect identified,
3f38e5b5c115eb51061b2ba64cbad75fc3ff43f185d2e8b8cb27763d02fefb8c,2021-04,City of London Police,City of London Police,-0.090710,51.513132,On or near Queen Victoria Street,E01032739,City of London 001F,Public order,Unable to prosecute suspect,
53730319bfeb9d99f47e1e38e44e0a13a660361e80cd14d16a4c735733c5c8ce,2021-04,City of London Police,City of London Police,-0.078856,51.518433,On or near Artillery Lane,E01032739,City of London 001F,Public order,Investigation complete; no suspect identified,
25d1ab437660905718bca5b937c7b2a067996c32c94841ee3917d1509a435aa1,2021-04,City of London Police,City of London Police,-0.079786,51.517576,On or near Police Station,E01032739,City of London 001F,Public order,Court result unavailable,
1d53b062035e773a8cefcadcfc5e92e9101b78a304934e9b39776ce6e90879aa,2021-04,City of London Police,City of London Police,-0.091494,51.510924,On or near College Street,E01032739,City of London 001F,Public order,Action to be taken by another organisation,
2c3700dd90bf0822c95238bac33d3100eaf0d82d9e9659b6431d67a9ba6597df,2021-04,City of London Police,City of London Police,-0.079786,51.517576,On or near Police Station,E01032739,City of London 001F,Public order,Court result unavailable,
3b12dd72ab80f538661e4490c1896020cf9307c298ec7f50756c02dffc9d87ac,2021-04,City of London Police,City of London Police,-0.101452,51.512650,On or near St Andrew'S Hill,E01032739,City of London 001F,Public order,Unable to prosecute suspect,
80e3577e406502a90be529ebb47ae6c55360b664402a28749a01d5e681540ca4,2021-04,City of London Police,City of London Police,-0.085149,51.517196,On or near Blomfield Street,E01032739,City of London 001F,Public order,Unable to prosecute suspect,
14bcdd6a4693b8ca8d0ca67db67e822f3bbcbc0f00c5222e1a214501a9fabedf,2021-04,City of London Police,City of London Police,-0.079786,51.517576,On or near Police Station,E01032739,City of London 001F,Public order,Investigation complete; no suspect identified,
0137e2b2419da5640632095b8b8d5463e85a0e6432620cda1c7495b856a09546,2021-04,City of London Police,City of London Police,-0.104494,51.509848,On or near A201,E01032739,City of London 001F,Robbery,Investigation complete; no suspect identified,
ae156bf8f2534f308b797ffa60c19e7b25f999e012abb5891bc846c7881f37e3,2021-04,City of London Police,City of London Police,-0.087780,51.508066,On or near Borough High Street,E01032739,City of London 001F,Robbery,Investigation complete; no suspect identified,
a12eb39385fde021f63f5e0dee65fb40a2bd0610419443ff09077154a1609fca,2021-04,City of London Police,City of London Police,-0.086278,51.509876,On or near Fish Street Hill,E01032739,City of London 001F,Robbery,Investigation complete; no suspect identified,
8295e85752893faf39cdc71b5ac8a06f87c63de2d172b4f83561b834ff400576,2021-04,City of London Police,City of London Police,-0.096075,51.514766,On or near Foster Lane,E01032739,City of London 001F,Robbery,Unable to prosecute suspect,
c21a70245c9d035a2aeb066feb0edc7d85e8ae52b43a349622fa203f763874b0,2021-04,City of London Police,City of London Police,-0.104494,51.509848,On or near A201,E01032739,City of London 001F,Robbery,Investigation complete; no suspect identified,
df87d8e809aa536fdc04c8ac1234bc46dd4d71788a298dd13d694c58f67ce227,2021-04,City of London Police,City of London Police,-0.097645,51.515142,On or near St Martin'S Le Grand,E01032739,City of London 001F,Robbery,Investigation complete; no suspect identified,
94a25fd192d9b8b865485bfb3350fd1aba7d64a1dcb2032b52c3f644483110f5,2021-04,City of London Police,City of London Police,-0.088203,51.518262,On or near Moorgate,E01032739,City of London 001F,Robbery,Court result unavailable,
3a65a6b378613f500d836d7b0696756482667b987eb80c3fa341f4ebd22604a1,2021-04,City of London Police,City of London Police,-0.084983,51.510494,On or near Supermarket,E01032739,City of London 001F,Shoplifting,Investigation complete; no suspect identified,
4cd8ed13f64cebc813dfec0096eaf6237fcec5cea6758d92849b99a7f172d603,2021-04,City of London Police,City of London Police,-0.088203,51.518262,On or near Moorgate,E01032739,City of London 001F,Shoplifting,Investigation complete; no suspect identified,
65d4d0b13d11c1e1f1b8719be295ee151b5fd5f26e7f7c2ae9fdf7a29d092452,2021-04,City of London Police,City of London Police,-0.084983,51.510494,On or near Supermarket,E01032739,City of London 001F,Shoplifting,Investigation complete; no suspect identified,
ef4b2d576e519a13ef16ceb160091e65a692e2d8768c50f40310f4352cc124aa,2021-04,City of London Police,City of London Police,-0.094720,51.514420,On or near Wood Street,E01032739,City of London 001F,Shoplifting,Unable to prosecute suspect,
25a9828238eaadc3e4a55f6969e0a727207d23004e7f804312939d38b8453073,2021-04,City of London Police,City of London Police,-0.083296,51.517058,On or near Old Broad Street,E01032739,City of London 001F,Shoplifting,Investigation complete; no suspect identified,
5c45c19a54a901adbbc9e1b4b2fe4e73ee6217f99af6214ab2359ec4f6889f90,2021-04,City of London Police,City of London Police,-0.080376,51.517244,On or near Supermarket,E01032739,City of London 001F,Shoplifting,Court result unavailable,
1d3ef3263c2aab0f1bb360073b7275ab982c061712fa50ed4f014104ecd7343f,2021-04,City of London Police,City of London Police,-0.079448,51.511554,On or near Fenchurch Place,E01032739,City of London 001F,Shoplifting,Court result unavailable,
d7bfffa88b9b55431bb7c96f250a655a39221e1f6caf3f4b12019ee34c7bad67,2021-04,City of London Police,City of London Police,-0.094628,51.514203,On or near Cheapside,E01032739,City of London 001F,Shoplifting,Court result unavailable,
75d8bdb160f842ab84ffd90bb5eac6c54e0a4c8d779e6ed6b583726432019a37,2021-04,City of London Police,City of London Police,-0.095346,51.514970,On or near Goldsmith Street,E01032739,City of London 001F,Shoplifting,Court result unavailable,
4f698f3027acb28c20076473e68e0cd3d96724f1fb3b60aece6e8fc40654588e,2021-04,City of London Police,City of London Police,-0.080376,51.517244,On or near Supermarket,E01032739,City of London 001F,Shoplifting,Status update unavailable,
5e4d39bf0be6f40e273645f2eb2a517031f1f27e8036d372497025b4cccd5481,2021-04,City of London Police,City of London Police,-0.079448,51.511554,On or near Fenchurch Place,E01032739,City of London 001F,Shoplifting,Investigation complete; no suspect identified,
31ed6955316a2eef09877526d10161ed507c81d368d35c116c9c44a75bdabae2,2021-04,City of London Police,City of London Police,-0.078856,51.518433,On or near Artillery Lane,E01032739,City of London 001F,Shoplifting,Unable to prosecute suspect,
d365d501c1c8167fb19a98dd818fe31dbc18b22fd6ea50467e4d23bb856fd071,2021-04,City of London Police,City of London Police,-0.080376,51.517244,On or near Supermarket,E01032739,City of London 001F,Shoplifting,Investigation complete; no suspect identified,
9657abb934021031e1964d224d484b33ef5271c2f0cdae69d50ad7183d663912,2021-04,City of London Police,City of London Police,-0.084983,51.510494,On or near Supermarket,E01032739,City of London 001F,Shoplifting,Investigation complete; no suspect identified,
98ca1108b66d7ca69a4ca68b21d2482a0d9fd84673bc8d633cdbf6b32e7ad451,2021-04,City of London Police,City of London Police,-0.096561,51.514513,On or near Cheapside,E01032739,City of London 001F,Shoplifting,Unable to prosecute suspect,
5f021605869814d67851e16161d42ae538a7765e696d5534df4314ad6e7394b0,2021-04,City of London Police,City of London Police,-0.096363,51.513377,On or near New Change,E01032739,City of London 001F,Shoplifting,Investigation complete; no suspect identified,
25e69f37fb88ef63305d26a6eb8aa3420d04eb57adeab97c3ddc125beff7da6a,2021-04,City of London Police,City of London Police,-0.088203,51.518262,On or near Moorgate,E01032739,City of London 001F,Shoplifting,Unable to prosecute suspect,
2bd5e6ee9c107533f2631a9847e5c4f31c547ffd6c40c8a0425d2db98498ec77,2021-04,City of London Police,City of London Police,-0.084967,51.512598,On or near Bell Inn Yard,E01032739,City of London 001F,Shoplifting,Investigation complete; no suspect identified,
a5e3bd667a089eef129024c5e7b432ce8a8325f7db2aa4f4446beed870ae3aec,2021-04,City of London Police,City of London Police,-0.093257,51.513920,On or near Bow Lane,E01032739,City of London 001F,Shoplifting,Court result unavailable,
3e05aba00374d5a944552464bb4cf0114e664baf3aeeff26522653c572d51ce7,2021-04,City of London Police,City of London Police,-0.080376,51.517244,On or near Supermarket,E01032739,City of London 001F,Shoplifting,Formal action is not in the public interest,
77cbb0cebedf80e7d1d2fddbb2d75a0ef68c5378124dc39c7396f4233e08505d,2021-04,City of London Police,City of London Police,-0.088203,51.518262,On or near Moorgate,E01032739,City of London 001F,Shoplifting,Court result unavailable,
20d3432630bc8f117816537e6af21aea9fe458015e7dd3124d356e3fa8402d3b,2021-04,City of London Police,City of London Police,-0.101452,51.512650,On or near St Andrew'S Hill,E01032739,City of London 001F,Theft from the person,Investigation complete; no suspect identified,
913cf536302a3618edbb3ee8f7f48a34376e049b3dbdbac45b3fbd0abdb72510,2021-04,City of London Police,City of London Police,-0.094628,51.514203,On or near Cheapside,E01032739,City of London 001F,Theft from the person,Investigation complete; no suspect identified,
41e83767bef8069677a623d5fa7895e7ab96a63e0cf2fc94f9f2e496ad129ce0,2021-04,City of London Police,City of London Police,-0.088042,51.511794,On or near Abchurch Lane,E01032739,City of London 001F,Theft from the person,Investigation complete; no suspect identified,
350fdfb6c961f63b51e1b898f77548a96b09e2653da68ee880d92c10a0fcf650,2021-04,City of London Police,City of London Police,-0.094628,51.514203,On or near Cheapside,E01032739,City of London 001F,Theft from the person,Investigation complete; no suspect identified,
39c28d8235787e697026549f20a0f46ab99b669fd35dc54742f2a4d1bce32ea1,2021-04,City of London Police,City of London Police,-0.100179,51.514158,On or near Shopping Area,E01032739,City of London 001F,Theft from the person,Investigation complete; no suspect identified,
e3944f7cf2c09d8bc3e59a7c79ea52ae12585ac4a3679d74775cf7a2ef265134,2021-04,City of London Police,City of London Police,-0.092267,51.511745,On or near Cloak Lane,E01032739,City of London 001F,Theft from the person,Investigation complete; no suspect identified,
5f1096d9044da06f6683e5df67972e7654508fd3cb6e5e9b2d41cb7e65a91a10,2021-04,City of London Police,City of London Police,-0.090142,51.514292,On or near Conference/Exhibition Centre,E01032739,City of London 001F,Theft from the person,Investigation complete; no suspect identified,
6310e4f0354e5d375bc7cc7fd26e729cbc2f0b3f365db34cffb51e4b302c3fee,2021-04,City of London Police,City of London Police,-0.085833,51.513952,On or near Finch Lane,E01032739,City of London 001F,Theft from the person,Investigation complete; no suspect identified,
3952c54c28ac3477671d801321c7d7b2e8e9cc3068557f3c2e40e560270e3bbf,2021-04,City of London Police,City of London Police,-0.094628,51.514203,On or near Cheapside,E01032739,City of London 001F,Theft from the person,Investigation complete; no suspect identified,
d9ec02a2250ef73a1ff0e7e9004b56b6a08b4cec6cafca69826ed74bb9ca4127,2021-04,City of London Police,City of London Police,-0.085149,51.517196,On or near Blomfield Street,E01032739,City of London 001F,Theft from the person,Investigation complete; no suspect identified,
cc97ffe3313ac49886814e5957f735437cfedd1b5313a6cd7076b8ec232040c6,2021-04,City of London Police,City of London Police,-0.088843,51.509532,On or near Parking Area,E01032739,City of London 001F,Theft from the person,Investigation complete; no suspect identified,
679e7fd792b4b28b3fac0e7a20ea460dd03f9d9d9b280917b300972a6b65119f,2021-04,City of London Police,City of London Police,-0.089090,51.513258,On or near Mansion House Place,E01032739,City of London 001F,Theft from the person,Investigation complete; no suspect identified,
39c28d8235787e697026549f20a0f46ab99b669fd35dc54742f2a4d1bce32ea1,2021-04,City of London Police,City of London Police,-0.101452,51.512650,On or near St Andrew'S Hill,E01032739,City of London 001F,Theft from the person,Status update unavailable,
97836a096f05d2d661254e8d77b5036f2b27bfde328614733b8ffe2ee09a7830,2021-04,City of London Police,City of London Police,-0.085310,51.518511,On or near Eldon Street,E01032739,City of London 001F,Theft from the person,Investigation complete; no suspect identified,
41f4a0c7e8801ee014de7c0e7942fdb80d8e547262ff15a2acee776c5497117f,2021-04,City of London Police,City of London Police,-0.087760,51.517149,On or near London Wall,E01032739,City of London 001F,Theft from the person,Investigation complete; no suspect identified,
ceac098a92879fc5d14e6fadc57934bdb48a1103c02feac86ea315a0abff7221,2021-04,City of London Police,City of London Police,-0.093215,51.510421,On or near Queen Street Place,E01032739,City of London 001F,Theft from the person,Investigation complete; no suspect identified,
c8f0f0d73172ae8a07db2013be90adac8509c969963fdf25db17ec4b5433aa6c,2021-04,City of London Police,City of London Police,-0.096075,51.514766,On or near Foster Lane,E01032739,City of London 001F,Theft from the person,Status update unavailable,
f15e27ed808e5998fabb1747ef1ce88bfee15beb27008a55e333054313b9df4e,2021-04,City of London Police,City of London Police,-0.091720,51.513454,On or near Supermarket,E01032739,City of London 001F,Theft from the person,Investigation complete; no suspect identified,
c8f0f0d73172ae8a07db2013be90adac8509c969963fdf25db17ec4b5433aa6c,2021-04,City of London Police,City of London Police,-0.094628,51.514203,On or near Cheapside,E01032739,City of London 001F,Theft from the person,Investigation complete; no suspect identified,
c029b4af5a0e462ba6f4e19bfda7f0163b2cb33278a396818f45a5659db0c055,2021-04,City of London Police,City of London Police,-0.081516,51.510014,On or near Great Tower Street,E01032739,City of London 001F,Vehicle crime,Investigation complete; no suspect identified,
cc70b2ac2b3c492642312d8fa7e9a6959b1ad253fb54c2809618544c9f727315,2021-04,City of London Police,City of London Police,-0.087760,51.517149,On or near London Wall,E01032739,City of London 001F,Vehicle crime,Investigation complete; no suspect identified,
c66bed8c12c5873e9596a9b2e46d844ae31f3427807b21a01ee13ad90c63027c,2021-04,City of London Police,City of London Police,-0.087760,51.517149,On or near London Wall,E01032739,City of London 001F,Vehicle crime,Investigation complete; no suspect identified,
5ade0e90d369c20268f26acffdf99f054b0ab82b63b19da825d701ba937c6c44,2021-04,City of London Police,City of London Police,-0.081620,51.516814,On or near Alderman'S Walk,E01032739,City of London 001F,Violence and sexual offences,Awaiting court outcome,
34ede7e1313f0ec6477affde114d67cdb07cee52b983a933a36599f221320152,2021-04,City of London Police,City of London Police,-0.101073,51.513453,On or near Creed Lane,E01032739,City of London 001F,Violence and sexual offences,Unable to prosecute suspect,
3eb379026b9e701f2d3304f7913d1bc34be44255c788a245174c161e5f189f3c,2021-04,City of London Police,City of London Police,-0.083296,51.517058,On or near Old Broad Street,E01032739,City of London 001F,Violence and sexual offences,Status update unavailable,
12c0e3098ce62589cb710afa408950fad7441b5a1c86192413894accd5be8112,2021-04,City of London Police,City of London Police,-0.087780,51.508066,On or near Borough High Street,E01032739,City of London 001F,Violence and sexual offences,Offender given a caution,
5f7c7b8f67fb10b7b0f1fd8e904a1e359813dd90242f70d8f958aab04f763369,2021-04,City of London Police,City of London Police,-0.093341,51.511889,On or near Great St Thomas Apostle,E01032739,City of London 001F,Violence and sexual offences,Unable to prosecute suspect,
ef4049f400582984f45854a16170f30b3f608b4150a04f774756eebd7a43aeb6,2021-04,City of London Police,City of London Police,-0.093341,51.511889,On or near Great St Thomas Apostle,E01032739,City of London 001F,Violence and sexual offences,Unable to prosecute suspect,
8df64dba4a763e338fbdb25db5c37743f5e61adb628fd4c2114d9c02cdcac2f8,2021-04,City of London Police,City of London Police,-0.099716,51.511435,On or near White Lion Hill,E01032739,City of London 001F,Violence and sexual offences,Unable to prosecute suspect,
9f5e22333d8cf2c5b461eddc5c2ad4e6ae8fd7996179696808e3269c56972bad,2021-04,City of London Police,City of London Police,-0.081070,51.512390,On or near Billiter Square,E01032739,City of London 001F,Violence and sexual offences,Unable to prosecute suspect,
beb4b91d3ff102aaf3e3f9822785eab3aa835812a97afae91059b8ba5d37bb3b,2021-04,City of London Police,City of London Police,-0.085173,51.518680,On or near Finsbury Avenue,E01032739,City of London 001F,Violence and sexual offences,Investigation complete; no suspect identified,
4998e5503df43b83a2c736fd3a80b232c015d11fb126a6d60d304d68ed8370c2,2021-04,City of London Police,City of London Police,-0.087780,51.508066,On or near Borough High Street,E01032739,City of London 001F,Violence and sexual offences,Status update unavailable,
806c9b3d1403d6c04a645935286005e19827d13c8d32eb9ea08aeff8769b8cc0,2021-04,City of London Police,City of London Police,-0.082628,51.518189,On or near Sun Street Passage,E01032739,City of London 001F,Violence and sexual offences,Status update unavailable,
4bc2d3ba931b8f7c80062b8466dc4690637fd13954d2c68311faf88cec79d373,2021-04,City of London Police,City of London Police,-0.079786,51.517576,On or near Police Station,E01032739,City of London 001F,Violence and sexual offences,Awaiting court outcome,
b76abcdbaa6535fcf11bae5037b3c966ffde8f42e9402d185f7fd369e02d8b14,2021-04,City of London Police,City of London Police,-0.079786,51.517576,On or near Police Station,E01032739,City of London 001F,Violence and sexual offences,Investigation complete; no suspect identified,
de7b661b04c613be5c770881118b39e8c5ff3e2fc5f6efa20fd2c3bbd0db6f2d,2021-04,City of London Police,City of London Police,-0.085149,51.517196,On or near Blomfield Street,E01032739,City of London 001F,Violence and sexual offences,Status update unavailable,
60efa676b11cccd27b0846ad81944daefc65ee0ef3cb8829ec6c6c3899502e41,2021-04,City of London Police,City of London Police,-0.088843,51.509532,On or near Parking Area,E01032739,City of London 001F,Violence and sexual offences,Investigation complete; no suspect identified,
845786fa108b4bd3d69eb5c39f529d3963eb8baede072c861e06777e7ba30ac7,2021-04,City of London Police,City of London Police,-0.100632,51.515739,On or near Warwick Lane,E01032739,City of London 001F,Violence and sexual offences,Unable to prosecute suspect,
a0afa387ee8d076f49b66b263d9c319ca19897b871c436a3ce8fb38f3dc14de2,2021-04,City of London Police,City of London Police,-0.081620,51.516814,On or near Alderman'S Walk,E01032739,City of London 001F,Violence and sexual offences,Status update unavailable,
6141fa8e2a73d5894db01ec1ef7641f8c0f3f3af0c9756ead49018ea5b2a9629,2021-04,City of London Police,City of London Police,-0.094206,51.511210,On or near Little Trinity Lane,E01032739,City of London 001F,Violence and sexual offences,Unable to prosecute suspect,
483c4173d2b4d1c6c7e76f5a3668034eebbc8317d5ca77eb352245e813b74bf1,2021-04,City of London Police,City of London Police,-0.080234,51.516855,On or near Devonshire Row,E01032739,City of London 001F,Violence and sexual offences,Unable to prosecute suspect,
902d62807c3323a66a43244a83ccb821924507096e7a05d8467f6bc8877a8859,2021-04,City of London Police,City of London Police,-0.080234,51.516855,On or near Devonshire Row,E01032739,City of London 001F,Violence and sexual offences,Status update unavailable,
ece2481f57fb1036a9e143fe28da9683a787837b4d2d6d16b25bb997c62f9e37,2021-04,City of London Police,City of London Police,-0.087780,51.508066,On or near Borough High Street,E01032739,City of London 001F,Violence and sexual offences,Investigation complete; no suspect identified,
17a7c957e6d2c6dbb381897a1e4e6ca4990ec046ae0d5cbfe41edbdd08d112ba,2021-04,City of London Police,City of London Police,-0.084967,51.512598,On or near Bell Inn Yard,E01032739,City of London 001F,Violence and sexual offences,Status update unavailable,
b078b3e9840530d86c8829cf5a9615881e9738b5bb9c8138caff782e35531986,2021-04,City of London Police,City of London Police,-0.080376,51.517244,On or near Supermarket,E01032739,City of London 001F,Violence and sexual offences,Unable to prosecute suspect,
,2021-04,City of London Police,City of London Police,-0.104621,51.512692,On or near Supermarket,E01032740,City of London 001G,Anti-social behaviour,,
,2021-04,City of London Police,City of London Police,-0.101345,51.518709,On or near Parking Area,E01032740,City of London 001G,Anti-social behaviour,,
,2021-04,City of London Police,City of London Police,-0.108453,51.515173,On or near Pemberton Row,E01032740,City of London 001G,Anti-social behaviour,,
,2021-04,City of London Police,City of London Police,-0.106680,51.515882,On or near Parking Area,E01032740,City of London 001G,Anti-social behaviour,,
,2021-04,City of London Police,City of London Police,-0.106680,51.515882,On or near Parking Area,E01032740,City of London 001G,Anti-social behaviour,,
,2021-04,City of London Police,City of London Police,-0.106680,51.515882,On or near Parking Area,E01032740,City of London 001G,Anti-social behaviour,,
,2021-04,City of London Police,City of London Police,-0.106680,51.515882,On or near Parking Area,E01032740,City of London 001G,Anti-social behaviour,,
,2021-04,City of London Police,City of London Police,-0.105900,51.516966,On or near Plumtree Court,E01032740,City of London 001G,Anti-social behaviour,,
,2021-04,City of London Police,City of London Police,-0.105900,51.516966,On or near Plumtree Court,E01032740,City of London 001G,Anti-social behaviour,,
,2021-04,City of London Police,City of London Police,-0.106680,51.515882,On or near Parking Area,E01032740,City of London 001G,Anti-social behaviour,,
23aca07562a5ab30e9d8e6f631bee5fdefc7e87bdd07da44bee3a3e56d40642c,2021-04,City of London Police,City of London Police,-0.105134,51.513869,On or near Bride Lane,E01032740,City of London 001G,Bicycle theft,Investigation complete; no suspect identified,
0fe5509cbbbec1dc47483ca5f5d39defcbe1c942e43fba94ad1dcdd1edf23844,2021-04,City of London Police,City of London Police,-0.108965,51.516386,On or near Plough Place,E01032740,City of London 001G,Bicycle theft,Investigation complete; no suspect identified,
c294ba632f99f5fc25a3e7997bdf8b718e5de0af7d938cbc6946a742855db936,2021-04,City of London Police,City of London Police,-0.100884,51.516966,On or near Hospital,E01032740,City of London 001G,Bicycle theft,Investigation complete; no suspect identified,
891a168e3657aeea1d6738290bc65265d9c753d8847afad676e7e6c2565eef99,2021-04,City of London Police,City of London Police,-0.101345,51.518709,On or near Parking Area,E01032740,City of London 001G,Bicycle theft,Investigation complete; no suspect identified,
50a9e3b24fba8b6f1d50d6318cda27846804c8c3a2a940df827a43fc4c919bda,2021-04,City of London Police,City of London Police,-0.111181,51.516476,On or near Cursitor Street,E01032740,City of London 001G,Burglary,Investigation complete; no suspect identified,
317768f4e608abfe9221e0f427441879d3184a7e713a4f190709cecb69e78e70,2021-04,City of London Police,City of London Police,-0.106922,51.514204,On or near Fleet Street,E01032740,City of London 001G,Burglary,Investigation complete; no suspect identified,
f2e7b7e56cd5c9d1eb811069098c23acd8d360c62e9e26da4b38576d108eeeef,2021-04,City of London Police,City of London Police,-0.106214,51.513905,On or near Salisbury Court,E01032740,City of London 001G,Burglary,Investigation complete; no suspect identified,
2e3577ddd36df6162197db87f9b1ddad62c7340dbd55d9f73d53644cc957b03c,2021-04,City of London Police,City of London Police,-0.106680,51.515882,On or near Parking Area,E01032740,City of London 001G,Criminal damage and arson,Investigation complete; no suspect identified,
22feb63b855e1f5017d72783fd65a0bbc8bea525d0cd54f650c217ae5b277b26,2021-04,City of London Police,City of London Police,-0.097962,51.519635,On or near Cloth Street,E01032740,City of London 001G,Drugs,Court result unavailable,
bb4b2624094d52c559a8986ffa8aa0fe2bd13d02bf5afd94f81cc4316564b9c9,2021-04,City of London Police,City of London Police,-0.107148,51.511879,On or near Tallis Street,E01032740,City of London 001G,Drugs,Status update unavailable,
9e962b6445421ca6f55ca062f28788d8e68a49a32dd6f0ab24bc3c7b5b1ff78c,2021-04,City of London Police,City of London Police,-0.110592,51.516062,On or near Bream'S Buildings,E01032740,City of London 001G,Other theft,Investigation complete; no suspect identified,
075eadc5c85781ca487e22a9da3afc660b026fd8f1d67fa8662fe1e32125c3c1,2021-04,City of London Police,City of London Police,-0.109079,51.512593,On or near Kings Bench Walk,E01032740,City of London 001G,Other theft,Investigation complete; no suspect identified,
dcb4a65cd25bba00dcd95c1fa8a4230d48185dc8793e58cd2391d9451cf6e260,2021-04,City of London Police,City of London Police,-0.109079,51.512593,On or near Kings Bench Walk,E01032740,City of London 001G,Other theft,Investigation complete; no suspect identified,
baf5d43bfdde04c9620f19df5325b90f4dc60ebaedca0ff4afaeb8ae3c2328d1,2021-04,City of London Police,City of London Police,-0.108453,51.515173,On or near Pemberton Row,E01032740,City of London 001G,Other theft,Investigation complete; no suspect identified,
9fa95825e6339977c19180005effb91c2227b9b1bfc1a877b1e3b64e793dd4dc,2021-04,City of London Police,City of London Police,-0.100884,51.516966,On or near Hospital,E01032740,City of London 001G,Other theft,Status update unavailable,
7c60b6e35646b29cd45eb47fec9368701277de887bf2b4c9f6d8b2c7d0ecb0c1,2021-04,City of London Police,City of London Police,-0.109826,51.516814,On or near Norwich Street,E01032740,City of London 001G,Other theft,Court result unavailable,
4fec0e180a2623121bb040fce28219146e89c68b31f12867cf52ecd5a6c89da3,2021-04,City of London Police,City of London Police,-0.110710,51.513914,On or near Fleet Street,E01032740,City of London 001G,Other theft,Court result unavailable,
0ac50417d2b382f3facaa36b5f2381ce901c02091c02d4a3a3c443987af24ade,2021-04,City of London Police,City of London Police,-0.112939,51.518231,On or near Southampton Buildings,E01032740,City of London 001G,Public order,Unable to prosecute suspect,
6bd9779c029c22997ec5ee1af605f7163eb2cfca387bf3ada4a6063730182812,2021-04,City of London Police,City of London Police,-0.104621,51.512692,On or near Supermarket,E01032740,City of London 001G,Robbery,Investigation complete; no suspect identified,
f437da8f5e725514934b8b6c1ba41b74751a077b55d7644b413934205e8704ef,2021-04,City of London Police,City of London Police,-0.104621,51.512692,On or near Supermarket,E01032740,City of London 001G,Shoplifting,Investigation complete; no suspect identified,
1709bc6b75a0e807028933fd6675304bdd71a42f92660b960f987c283bc4e49c,2021-04,City of London Police,City of London Police,-0.104621,51.512692,On or near Supermarket,E01032740,City of London 001G,Shoplifting,Status update unavailable,
3ed51dfc542f251af62a116f13b8112a6c911a4412233da810ac607316f41f0a,2021-04,City of London Police,City of London Police,-0.104621,51.512692,On or near Supermarket,E01032740,City of London 001G,Shoplifting,Court result unavailable,
295575d10d8f566f4aec9f36d6f765f63ae5481c66a60a30d0ab52da30106302,2021-04,City of London Police,City of London Police,-0.112939,51.518231,On or near Southampton Buildings,E01032740,City of London 001G,Shoplifting,Formal action is not in the public interest,
0a9aa082239fdc687070429f9ed83511662a10515555e3757894330256a5c008,2021-04,City of London Police,City of London Police,-0.104621,51.512692,On or near Supermarket,E01032740,City of London 001G,Shoplifting,Court result unavailable,
fadc3912eadb74e8f8fcbfcc5d237eb2cf9dc21b9cecbffdbcf6b2382ceb21a3,2021-04,City of London Police,City of London Police,-0.108231,51.513928,On or near Pleydell Street,E01032740,City of London 001G,Theft from the person,Investigation complete; no suspect identified,
b93393d1129fc9aa560b396585a80356b5c57d24147711cf9e9372847fa6d51f,2021-04,City of London Police,City of London Police,-0.108231,51.513928,On or near Pleydell Street,E01032740,City of London 001G,Violence and sexual offences,Status update unavailable,
e0ff74dcc14ae8dbd7c882cac748a27ef37dc0fdf1d6a4c57bdc5099b837de0f,2021-04,City of London Police,City of London Police,-0.104621,51.512692,On or near Supermarket,E01032740,City of London 001G,Violence and sexual offences,Unable to prosecute suspect,
58b6cc502d92347ed95ce1568900e68310a6b469ede24f26417c1a107b5b296f,2021-04,City of London Police,City of London Police,-0.104621,51.512692,On or near Supermarket,E01032740,City of London 001G,Violence and sexual offences,Investigation complete; no suspect identified,
31b959a375280ce339b327ba05f0edcc306ebd3a4ea58afc77242bf0e1eaea9b,2021-04,City of London Police,City of London Police,-0.105134,51.513869,On or near Bride Lane,E01032740,City of London 001G,Violence and sexual offences,Action to be taken by another organisation,
5ec640d6f9fe32dbfc3c2cbea502276c218f5d5b767f83ec8392a6214176c9a4,2021-04,City of London Police,City of London Police,-0.109709,51.517909,On or near High Holborn,E01032740,City of London 001G,Violence and sexual offences,Offender given a caution,
20e456a5a0b42ac39f3f1d48f6686d895fad92bbb35349b4197820893dd66c3d,2021-04,City of London Police,City of London Police,-0.104887,51.516347,On or near Farringdon Street,E01032740,City of London 001G,Violence and sexual offences,Investigation complete; no suspect identified,
b58510ea8bb62d575345802c2bfe3cad8b79109b3af9e03be5b9e832ed0849d1,2021-04,City of London Police,City of London Police,-0.103280,51.514109,On or near Ludgate Hill,E01032740,City of London 001G,Violence and sexual offences,Investigation complete; no suspect identified,
b76abcdbaa6535fcf11bae5037b3c966ffde8f42e9402d185f7fd369e02d8b14,2021-04,City of London Police,City of London Police,-0.109647,51.514887,On or near Fetter Lane,E01032740,City of London 001G,Violence and sexual offences,Status update unavailable,
eb8910d686549b4b166e43eded8e3c36383313367ddadaecd8049d4b44b687d6,2021-04,City of London Police,City of London Police,-0.104300,51.511761,On or near Pedestrian Subway,E01032740,City of London 001G,Violence and sexual offences,Status update unavailable,
7c25b7e6902f9e9c55ebfe3b62d66201796ccbe6af745896a40772030c7ffdd0,2021-04,City of London Police,City of London Police,-0.098500,51.519526,On or near Middle Street,E01032740,City of London 001G,Violence and sexual offences,Status update unavailable,
3c3a9dd92bae9456f8066fb4b2e65326ab262d8e5af7b1464f1f3d6718d425d7,2021-04,City of London Police,City of London Police,-0.055810,51.552225,On or near Goulton Road,E01001734,Hackney 017B,Other crime,Offender given a caution,
c316604fbbc22dbe82e124ee5b684417a45489fcd0de289adf11002b443b856c,2021-04,City of London Police,City of London Police,-0.075841,51.523977,On or near Ebor Street,E01033708,Hackney 027G,Drugs,Court result unavailable,
a5fc95df9b6a9b8eab64abb88004454cdf078cd3d17894ac0998e931f1c38005,2021-04,City of London Police,City of London Police,-0.076532,51.523637,On or near Bethnal Green Road,E01033708,Hackney 027G,Drugs,Status update unavailable,
,2021-04,City of London Police,City of London Police,-0.100139,51.526540,On or near Goswell Road,E01002723,Islington 022C,Anti-social behaviour,,
2b94bb0a08c206fa9573856cbf46c0d442e34a604c32d60da04435de244c5922,2021-04,City of London Police,City of London Police,-0.100456,51.524477,On or near Dallington Street,E01033489,Islington 022G,Drugs,Court result unavailable,
,2021-04,City of London Police,City of London Police,-0.097929,51.521810,On or near Glasshouse Yard,E01033490,Islington 022H,Anti-social behaviour,,
97c7e159563eec035a6ea455421008cb077b40f8ac68579fd1aea6203eff8aaf,2021-04,City of London Police,City of London Police,-0.087528,51.525445,On or near Pedestrian Subway,E01002704,Islington 023D,Other crime,Court result unavailable,
,2021-04,City of London Police,City of London Police,-0.094959,51.522868,On or near Golden Lane,E01002706,Islington 023E,Anti-social behaviour,,
a34eaac0f2589d1e7e19e8e8ba9dce619a108f4f5ac0d28554f221067ccc3e6e,2021-04,City of London Police,City of London Police,-0.095292,51.503468,On or near Petrol Station,E01003929,Southwark 002B,Drugs,Offender given a drugs possession warning,
14fdf376188bfcc60c6d0610fff788059056361e3dec3a37a8f83223c30ed382,2021-04,City of London Police,City of London Police,-0.104503,51.508257,On or near A201,E01003934,Southwark 002C,Theft from the person,Investigation complete; no suspect identified,
a5fc95df9b6a9b8eab64abb88004454cdf078cd3d17894ac0998e931f1c38005,2021-04,City of London Police,City of London Police,-0.025046,51.534508,On or near Forum Close,E01032764,Tower Hamlets 004E,Drugs,Offender given a caution,
fbaa8e29685d1699b192abea4f292d59eaa2ad0e059ee9a05b01c5d8cd87033d,2021-04,City of London Police,City of London Police,-0.079080,51.519615,On or near Bishopsgate,E01004307,Tower Hamlets 015B,Bicycle theft,Investigation complete; no suspect identified,
c5b57dbd92f93cf6bac23e081206b1e9b0e8a76b09976448c2021d8618dba31b,2021-04,City of London Police,City of London Police,-0.075411,51.516047,On or near New Goulston Street,E01004310,Tower Hamlets 015E,Drugs,Offender given a drugs possession warning,
87ec6bbdbd1eef136684963d3412ba9bb2eb7791758ed0c001f691006412cfd5,2021-04,City of London Police,City of London Police,-0.070056,51.515546,On or near Further/Higher Educational Building,E01004325,Tower Hamlets 021D,Drugs,Court result unavailable,
f8ffa8e12500490d6a12748740bef0e7e65d9d3f272cb9490771f5157521d25c,2021-04,City of London Police,City of London Police,-0.068161,51.509930,On or near Dock Street,E01004294,Tower Hamlets 026B,Drugs,Status update unavailable,
887ce3b29ca64769a34f2e4551a68e7730ade7f1a6057dbe479e446d16b6f5ec,2021-04,City of London Police,City of London Police,-0.064563,51.510833,On or near Hindmarsh Close,E01004295,Tower Hamlets 026C,Violence and sexual offences,Status update unavailable,
,2021-04,City of London Police,City of London Police,-0.079130,51.507808,On or near Ferry Terminal,E01004293,Tower Hamlets 027B,Anti-social behaviour,,
417699a4a8f59d93c3b2034927711b374a2394f00984b42f776c0146a52c7964,2021-04,City of London Police,City of London Police,-0.074901,51.506255,On or near A100,E01004293,Tower Hamlets 027B,Drugs,Offender given a drugs possession warning,
580b02c626881308545b1a905e1eeb75c05f81df1096e85508fa36f9e9a608e7,2021-04,City of London Police,City of London Police,-0.074901,51.506255,On or near A100,E01004293,Tower Hamlets 027B,Drugs,Court result unavailable,
7bbffbf47c140c8e5a356e68c705dafd3ce99dd64f7ab533aeae378df2e09f86,2021-04,City of London Police,City of London Police,-0.074901,51.506255,On or near A100,E01004293,Tower Hamlets 027B,Drugs,Court result unavailable,
1a8e8916e36ac157f4b94c72d5c5c29530273d9240651cb9cf1aa725d3223268,2021-04,City of London Police,City of London Police,-0.076031,51.509547,On or near Tower Hill,E01004293,Tower Hamlets 027B,Drugs,Offender given a caution,
db6ac3862eeb0fdf69812007f10ddce661dc0dcb8468bba30f4b2634d091ef1c,2021-04,City of London Police,City of London Police,-0.074901,51.506255,On or near A100,E01004293,Tower Hamlets 027B,Drugs,Offender given a drugs possession warning,
7bafbffed85eb3cf91fef32163da1b4e4efb3f93c8a816cfe4fa1fc8882973f7,2021-04,City of London Police,City of London Police,-0.079130,51.507808,On or near Ferry Terminal,E01004293,Tower Hamlets 027B,Drugs,Offender given a drugs possession warning,
eef680713096c9ca452581f0aa55d1b95b19bca681c943667730f20a268e3456,2021-04,City of London Police,City of London Police,-0.074901,51.506255,On or near A100,E01004293,Tower Hamlets 027B,Other theft,Investigation complete; no suspect identified,
e7ca291b1f37911bd16d3f3ab93c64245072126c673d84190f1f94be83a55147,2021-04,City of London Police,City of London Police,-0.074901,51.506255,On or near A100,E01004293,Tower Hamlets 027B,Other theft,Status update unavailable,
cfdd233a1fd980a9056058f5f321f3ac2eb40a0618c91f36300a662936bc6d9b,2021-04,City of London Police,City of London Police,-0.074901,51.506255,On or near A100,E01004293,Tower Hamlets 027B,Public order,Offender given a caution,
8224183552fa34e85c4408012b1b203f73da81f5e66a07a7cf68e511454b5818,2021-04,City of London Police,City of London Police,-0.074901,51.506255,On or near A100,E01004293,Tower Hamlets 027B,Public order,Offender given a caution,
878f77568b67effae12e0714885f7fac2a31aaa508c6329011705200efcf2b97,2021-04,City of London Police,City of London Police,-0.074901,51.506255,On or near A100,E01004293,Tower Hamlets 027B,Violence and sexual offences,Investigation complete; no suspect identified,
4a9a2409a52fa0e1ff0c639959f6cae3e6d7b3e89bfe97745b512bd67ff6f103,2021-04,City of London Police,City of London Police,-0.074901,51.506255,On or near A100,E01004293,Tower Hamlets 027B,Violence and sexual offences,Status update unavailable,
fbd15d0367faf3d1e603f2ba59f27599372cd540bd2495b71bab0ead0e07f99e,2021-04,City of London Police,City of London Police,-0.074901,51.506255,On or near A100,E01004293,Tower Hamlets 027B,Violence and sexual offences,Status update unavailable,
4304474cd637bf40d529f8a2bc124f431c871244fc9fc199485a2653955d1907,2021-04,City of London Police,City of London Police,0.007339,51.560064,On or near Petrol Station,E01004341,Waltham Forest 027F,Other crime,Status update unavailable,
dec736fdadd38b97a1403c32b33e1cd0e46712464a7b3d782158e6de032bd771,2021-04,City of London Police,City of London Police,-0.120231,51.510893,On or near Strand,E01004734,Westminster 018A,Drugs,Offender given a drugs possession warning,
,2021-04,City of London Police,City of London Police,,,No Location,,,Anti-social behaviour,,
,2021-04,City of London Police,City of London Police,,,No Location,,,Anti-social behaviour,,
78ac1d82a269b563e68067cacf99035df84012eee8f195cd1644b0be04b23d5a,2021-04,City of London Police,City of London Police,,,No Location,,,Bicycle theft,Investigation complete; no suspect identified,
078adc9f789da3c84465b921f90d62bff251ac751cb89eea083b17b8cf632d9b,2021-04,City of London Police,City of London Police,,,No Location,,,Bicycle theft,Investigation complete; no suspect identified,
eebc463125eaf6b3043457347e4bdadba3cbd8db31bc5cc33a953316cfaf91e8,2021-04,City of London Police,City of London Police,,,No Location,,,Bicycle theft,Investigation complete; no suspect identified,
b9dbece7b3d0e7667480192eb5a0bf25aa1bd9a6fda67c6d2c40383ad4c792e2,2021-04,City of London Police,City of London Police,,,No Location,,,Criminal damage and arson,Investigation complete; no suspect identified,
7d8a1dfb39143a94bc0cf1a74c0f6b03900b7fab9a1b7daedd2946a494d69719,2021-04,City of London Police,City of London Police,,,No Location,,,Drugs,Court result unavailable,
15e9ec2ddabe3f5edb769cfa55972b3aff048eab853dad61e2568d04968c1aa9,2021-04,City of London Police,City of London Police,,,No Location,,,Drugs,Status update unavailable,
248b5fc9fda3961eb3ef7a129feb2e020fb045fcdd0704f7f45f64c2fe4d25c4,2021-04,City of London Police,City of London Police,,,No Location,,,Drugs,Court result unavailable,
36aed76066ada5038e3e8fade1c8367d1289a7da908d9eaaf4c428171c4d3df7,2021-04,City of London Police,City of London Police,,,No Location,,,Drugs,Court result unavailable,
406b64b0f3486d23176d43188875f486793f1f3c125f21e7371260e0567db53f,2021-04,City of London Police,City of London Police,,,No Location,,,Drugs,Court result unavailable,
1a265e2e4996eb5558521bf9380fcdbeb679adfd909809f91863674123b05eb4,2021-04,City of London Police,City of London Police,,,No Location,,,Drugs,Offender given a caution,
c89285bcbebfd3c2961e3613b4cfe05780e12b5a1433bf64a7acecb8a7b5b09f,2021-04,City of London Police,City of London Police,,,No Location,,,Other theft,Investigation complete; no suspect identified,
4d55a73fcfbdfc7b03d26442c347e5c8019f1d32c2cffa5519efad919b697517,2021-04,City of London Police,City of London Police,,,No Location,,,Other theft,Investigation complete; no suspect identified,
1f2929006a3324b1be5bdc9c109e2b9ad2f8b986aa722d905738884b0aec78dd,2021-04,City of London Police,City of London Police,,,No Location,,,Public order,Court result unavailable,
7d8494d245f3fae162a7ab49c02442220bc98ee8f8b65609ce7ab737e09ba83b,2021-04,City of London Police,City of London Police,,,No Location,,,Shoplifting,Status update unavailable,
3cea406776b95a2653eead78a9374607a008efbfffead266f261f694f26d2598,2021-04,City of London Police,City of London Police,,,No Location,,,Shoplifting,Court result unavailable,
bc15196be598711c337df81ffd510eff056663abd43071f2a1916e24758a360e,2021-04,City of London Police,City of London Police,,,No Location,,,Shoplifting,Court result unavailable,
1ce0743c04c37850a89a56cd54405cc157ac8cd552e08b6986e907d9dedb3786,2021-04,City of London Police,City of London Police,,,No Location,,,Theft from the person,Investigation complete; no suspect identified,
c671807e08a389ac3381635dad3f7ae685793838590227a4ef64ff1d245d1a68,2021-04,City of London Police,City of London Police,,,No Location,,,Violence and sexual offences,Status update unavailable,
af24bceeb6702b716a5142b71557812559659089fbcad7628f7cd460e943bab0,2021-04,City of London Police,City of London Police,,,No Location,,,Violence and sexual offences,Unable to prosecute suspect,
31cf9a0be1d337e9fd3746f2d73b8038317656ba1128f88210b21596ce52836b,2021-04,City of London Police,City of London Police,,,No Location,,,Violence and sexual offences,Status update unavailable,
9c1236f42b7787bf9a51bc13526f0eacacf0ca179d4cc899d1ec57b08a4c4160,2021-04,City of London Police,City of London Police,,,No Location,,,Violence and sexual offences,Status update unavailable,
ecc51d3a10b5be1eda3965afd5ca9ad8df55ac0f64c8c160b451de0f112bb058,2021-04,City of London Police,City of London Police,,,No Location,,,Violence and sexual offences,Investigation complete; no suspect identified,
4fa3536c63ab4e97e2460bfc50e26d678d5e8af89fc3d36044dad4e4b56ea278,2021-04,City of London Police,City of London Police,,,No Location,,,Other crime,Status update unavailable,
e9a27959f97f2b7beaf46a14a9604cc24da83dbf3dd151187c4f484a715c4cc7,2021-04,City of London Police,City of London Police,,,No Location,,,Other crime,Status update unavailable,
c2d755f53adf984a6ca66df7a95c617131c359935904c712a2ce0b3127b28877,2021-04,City of London Police,City of London Police,,,No Location,,,Other crime,Offender given a caution,
a25c730134b1ba90e3fcdca559a96e139a83afefd70e7ae494f7d2e78693fa4b,2021-04,City of London Police,City of London Police,,,No Location,,,Other crime,Action to be taken by another organisation,
b6e920e6c2ebef749693b53bdd476c8b79fa42cd0a26acdf6e1897ba61c465ea,2021-04,City of London Police,City of London Police,,,No Location,,,Other crime,Unable to prosecute suspect,
